{"cameraMode":{"drawMode":0,"name":"Shaded","section":"Shading Mode"},"sceneLighting":true,"audioPlay":false,"sceneViewState":{"m_AlwaysRefresh":false,"showFog":true,"showSkybox":true,"showFlares":true,"showImageEffects":false,"showParticleSystems":true,"showVisualEffectGraphs":true,"m_FxEnabled":true},"in2DMode":false,"pivot":{"x":0.26979589462280276,"y":2.530097484588623,"z":-2.2348108291625978},"rotation":{"x":-0.010799592360854149,"y":-0.6231991052627564,"z":0.008607149124145508,"w":-0.7819394469261169},"size":5.0371994972229,"orthographic":false}